line,tmin,tier,text,tmax
2,0.0153,TokensAlign,good,0.1303
3,0.1303,TokensAlign,morning,0.5752
5,0.9144,TokensAlign,said,1.0894
6,1.0894,TokensAlign,the,1.1694
7,1.1694,TokensAlign,little,1.4194
8,1.4194,TokensAlign,prince,1.8741
10,2.5924,TokensAlign,good,2.7574
11,2.7574,TokensAlign,morning,3.2023
13,3.4168,TokensAlign,said,3.6018
14,3.6018,TokensAlign,the,3.7118
15,3.7118,TokensAlign,merchant,4.2115
17,4.9547,TokensAlign,this,5.2197
18,5.2197,TokensAlign,was,5.3797
19,5.3797,TokensAlign,a,5.4297
20,5.4297,TokensAlign,merchant,5.9397
21,5.9397,TokensAlign,who,6.0397
22,6.0397,TokensAlign,sold,6.4797
23,6.4797,TokensAlign,pills,6.9597
24,6.9597,TokensAlign,that,7.0897
25,7.0897,TokensAlign,had,7.2197
26,7.2197,TokensAlign,been,7.3697
27,7.3697,TokensAlign,created,7.9797
28,7.9797,TokensAlign,to,8.1197
29,8.1197,TokensAlign,quench,8.6097
30,8.6097,TokensAlign,thirst,9.1583
32,9.5623,TokensAlign,you,9.6673
33,9.6673,TokensAlign,could,9.8273
34,9.8273,TokensAlign,take,10.1673
35,10.1673,TokensAlign,one,10.4173
36,10.4173,TokensAlign,pill,10.6573
37,10.6573,TokensAlign,a,10.7273
38,10.7273,TokensAlign,week,11.5073
39,11.5073,TokensAlign,and,11.5973
40,11.5973,TokensAlign,you,11.7173
41,11.7173,TokensAlign,no,11.8673
42,11.8673,TokensAlign,longer,12.2073
43,12.2073,TokensAlign,felt,12.5073
44,12.5073,TokensAlign,the,12.5773
45,12.5773,TokensAlign,need,12.8873
46,12.8873,TokensAlign,to,12.9773
47,12.9773,TokensAlign,drink,13.2573
48,13.2573,TokensAlign,anything,13.7006
50,14.5536,TokensAlign,why,14.7086
51,14.7086,TokensAlign,are,14.7486
52,14.7486,TokensAlign,you,15.0086
53,15.0086,TokensAlign,selling,15.3886
54,15.3886,TokensAlign,those,15.9286
56,16.2527,TokensAlign,asked,16.5377
57,16.5377,TokensAlign,the,16.6377
58,16.6377,TokensAlign,little,16.8477
59,16.8477,TokensAlign,prince,17.3226
61,17.8264,TokensAlign,it,17.9914
62,17.9914,TokensAlign,s,18.0314
63,18.0314,TokensAlign,a,18.0914
64,18.0914,TokensAlign,big,18.2814
65,18.2814,TokensAlign,time,18.5814
66,18.5814,TokensAlign,saver,18.9812
68,19.2555,TokensAlign,said,19.4505
69,19.4505,TokensAlign,the,19.5405
70,19.5405,TokensAlign,merchant,20.3905
71,20.3905,TokensAlign,experts,20.9505
72,20.9505,TokensAlign,have,21.0605
73,21.0605,TokensAlign,done,21.3005
74,21.3005,TokensAlign,calculations,22.2388
76,22.563,TokensAlign,you,22.718
77,22.718,TokensAlign,save,23.028
78,23.028,TokensAlign,fifty,23.418
79,23.418,TokensAlign,three,23.638
80,23.638,TokensAlign,minutes,24.058
81,24.058,TokensAlign,per,24.218
82,24.218,TokensAlign,week,24.5421
84,25.5149,TokensAlign,and,25.7099
85,25.7099,TokensAlign,what,25.8999
86,25.8999,TokensAlign,do,25.9899
87,25.9899,TokensAlign,i,26.1599
88,26.1599,TokensAlign,do,26.3599
89,26.3599,TokensAlign,with,26.5699
90,26.5699,TokensAlign,the,26.6599
91,26.6599,TokensAlign,fifty,26.9999
92,26.9999,TokensAlign,three,27.2599
93,27.2599,TokensAlign,minutes,27.7439
95,28.4024,TokensAlign,you,28.5374
96,28.5374,TokensAlign,can,28.6674
97,28.6674,TokensAlign,do,28.7874
98,28.7874,TokensAlign,anything,29.1274
99,29.1274,TokensAlign,you,29.2174
100,29.2174,TokensAlign,like,29.4774
101,29.4774,TokensAlign,with,29.5974
102,29.5974,TokensAlign,them,29.7619
104,30.9043,TokensAlign,myself,31.6892
106,31.9286,TokensAlign,the,32.0036
107,32.0036,TokensAlign,little,32.2336
108,32.2336,TokensAlign,prince,32.5736
109,32.5736,TokensAlign,said,32.7836
110,32.7836,TokensAlign,to,32.8936
111,32.8936,TokensAlign,himself,33.4181
113,33.9169,TokensAlign,if,34.0719
114,34.0719,TokensAlign,i,34.2819
115,34.2819,TokensAlign,had,34.5319
116,34.5319,TokensAlign,fifty,34.9119
117,34.9119,TokensAlign,three,35.1619
118,35.1619,TokensAlign,minutes,35.5619
119,35.5619,TokensAlign,to,35.6419
120,35.6419,TokensAlign,spend,35.9919
121,35.9919,TokensAlign,as,36.1119
122,36.1119,TokensAlign,i,36.2819
123,36.2819,TokensAlign,liked,36.6913
125,37.2201,TokensAlign,i,37.3951
126,37.3951,TokensAlign,d,37.4651
127,37.4651,TokensAlign,walk,37.7851
128,37.7851,TokensAlign,very,38.1351
129,38.1351,TokensAlign,slowly,38.6651
130,38.6651,TokensAlign,toward,38.9251
131,38.9251,TokensAlign,a,38.9551
132,38.9551,TokensAlign,spring,39.3051
133,39.3051,TokensAlign,of,39.4351
134,39.4351,TokensAlign,fresh,39.8051
135,39.8051,TokensAlign,water,40.2394
138,41.3944,TokensAlign,we,41.5494
139,41.5494,TokensAlign,were,41.7294
140,41.7294,TokensAlign,at,41.9594
141,41.9594,TokensAlign,the,42.1194
142,42.1194,TokensAlign,eighth,42.5094
143,42.5094,TokensAlign,day,42.7694
144,42.7694,TokensAlign,since,43.0994
145,43.0994,TokensAlign,my,43.2394
146,43.2394,TokensAlign,accident,43.8394
147,43.8394,TokensAlign,in,43.9194
148,43.9194,TokensAlign,the,44.0194
149,44.0194,TokensAlign,desert,44.5582
151,44.8176,TokensAlign,and,44.9926
152,44.9926,TokensAlign,i,45.1026
153,45.1026,TokensAlign,d,45.1926
154,45.1926,TokensAlign,listened,45.6026
155,45.6026,TokensAlign,to,45.7126
156,45.7126,TokensAlign,the,45.7726
157,45.7726,TokensAlign,story,46.2326
158,46.2326,TokensAlign,of,46.3426
159,46.3426,TokensAlign,the,46.4126
160,46.4126,TokensAlign,merchant,47.0526
161,47.0526,TokensAlign,as,47.1826
162,47.1826,TokensAlign,i,47.2826
163,47.2826,TokensAlign,drank,47.6726
164,47.6726,TokensAlign,the,47.7826
165,47.7826,TokensAlign,last,48.1626
166,48.1626,TokensAlign,drop,48.3726
167,48.3726,TokensAlign,of,48.4826
168,48.4826,TokensAlign,my,48.6326
169,48.6326,TokensAlign,water,48.9326
170,48.9326,TokensAlign,supply,49.4111
173,50.7583,TokensAlign,ah,51.4133
174,51.4133,TokensAlign,i,51.5733
175,51.5733,TokensAlign,said,51.8233
176,51.8233,TokensAlign,to,51.9433
177,51.9433,TokensAlign,the,52.0433
178,52.0433,TokensAlign,little,52.2833
179,52.2833,TokensAlign,prince,52.7679
181,53.4413,TokensAlign,these,53.6263
182,53.6263,TokensAlign,memories,54.0863
183,54.0863,TokensAlign,of,54.1663
184,54.1663,TokensAlign,yours,54.5163
185,54.5163,TokensAlign,are,54.5463
186,54.5463,TokensAlign,very,54.8663
187,54.8663,TokensAlign,charming,55.3911
189,55.7951,TokensAlign,but,55.9201
190,55.9201,TokensAlign,i,56.0601
191,56.0601,TokensAlign,haven,56.3501
192,56.3501,TokensAlign,t,56.3801
193,56.3801,TokensAlign,managed,56.7801
194,56.7801,TokensAlign,to,56.8801
195,56.8801,TokensAlign,repair,57.2001
196,57.2001,TokensAlign,my,57.3801
197,57.3801,TokensAlign,plane,57.7301
198,57.7301,TokensAlign,yet,58.0296
200,58.5234,TokensAlign,i,58.5784
201,58.5784,TokensAlign,have,58.7384
202,58.7384,TokensAlign,nothing,59.0684
203,59.0684,TokensAlign,left,59.3384
204,59.3384,TokensAlign,to,59.4284
205,59.4284,TokensAlign,drink,59.8281
207,60.3718,TokensAlign,and,60.5568
208,60.5568,TokensAlign,i,60.7468
209,60.7468,TokensAlign,too,61.0568
210,61.0568,TokensAlign,would,61.2668
211,61.2668,TokensAlign,be,61.4368
212,61.4368,TokensAlign,happy,61.8568
213,61.8568,TokensAlign,if,62.0268
214,62.0268,TokensAlign,i,62.1668
215,62.1668,TokensAlign,could,62.3968
216,62.3968,TokensAlign,walk,62.6968
217,62.6968,TokensAlign,slowly,63.2968
218,63.2968,TokensAlign,towards,63.6768
219,63.6768,TokensAlign,a,63.7268
220,63.7268,TokensAlign,spring,64.0868
221,64.0868,TokensAlign,of,64.2068
222,64.2068,TokensAlign,fresh,64.5568
223,64.5568,TokensAlign,water,64.9902
225,66.0677,TokensAlign,my,66.2227
226,66.2227,TokensAlign,friend,66.6027
227,66.6027,TokensAlign,the,66.7127
228,66.7127,TokensAlign,fox,67.3727
229,67.3727,TokensAlign,he,67.5927
230,67.5927,TokensAlign,said,67.8527
231,67.8527,TokensAlign,to,68.0027
232,68.0027,TokensAlign,me,68.2468
234,68.8104,TokensAlign,my,68.9354
235,68.9354,TokensAlign,dear,69.1354
236,69.1354,TokensAlign,fellow,69.5402
238,70.0241,TokensAlign,our,70.1691
239,70.1691,TokensAlign,situation,70.8691
240,70.8691,TokensAlign,has,71.0891
241,71.0891,TokensAlign,nothing,71.5791
242,71.5791,TokensAlign,to,71.6991
243,71.6991,TokensAlign,do,71.9191
244,71.9191,TokensAlign,with,72.0591
245,72.0591,TokensAlign,the,72.1391
246,72.1391,TokensAlign,fox,72.5291
247,72.5291,TokensAlign,anymore,72.9136
249,73.612,TokensAlign,why,73.787
250,73.787,TokensAlign,not,74.2368
252,74.9152,TokensAlign,because,75.2302
253,75.2302,TokensAlign,we,75.3502
254,75.3502,TokensAlign,will,75.5002
255,75.5002,TokensAlign,die,75.8302
256,75.8302,TokensAlign,of,75.9002
257,75.9002,TokensAlign,thirst,76.5749
259,77.358,TokensAlign,he,77.423
260,77.423,TokensAlign,didn,77.653
261,77.653,TokensAlign,t,77.733
262,77.733,TokensAlign,follow,78.083
263,78.083,TokensAlign,my,78.293
264,78.293,TokensAlign,reasoning,78.823
265,78.823,TokensAlign,and,79.133
266,79.133,TokensAlign,he,79.243
267,79.243,TokensAlign,answered,79.673
268,79.673,TokensAlign,me,79.9124
270,80.5908,TokensAlign,it,80.7458
271,80.7458,TokensAlign,s,80.8058
272,80.8058,TokensAlign,nice,81.1058
273,81.1058,TokensAlign,to,81.2158
274,81.2158,TokensAlign,have,81.3158
275,81.3158,TokensAlign,had,81.5558
276,81.5558,TokensAlign,a,81.5958
277,81.5958,TokensAlign,friend,82.0604
279,82.3846,TokensAlign,even,82.6296
280,82.6296,TokensAlign,if,82.7696
281,82.7696,TokensAlign,you,82.8696
282,82.8696,TokensAlign,re,82.9396
283,82.9396,TokensAlign,about,83.1696
284,83.1696,TokensAlign,to,83.3196
285,83.3196,TokensAlign,die,83.7145
287,84.4677,TokensAlign,myself,85.4427
288,85.4427,TokensAlign,i,85.6027
289,85.6027,TokensAlign,m,85.6627
290,85.6627,TokensAlign,glad,85.9727
291,85.9727,TokensAlign,to,86.0927
292,86.0927,TokensAlign,have,86.1927
293,86.1927,TokensAlign,had,86.4427
294,86.4427,TokensAlign,a,86.4727
295,86.4727,TokensAlign,fox,86.9027
296,86.9027,TokensAlign,as,87.0027
297,87.0027,TokensAlign,a,87.0527
298,87.0527,TokensAlign,friend,87.5414
300,88.4543,TokensAlign,he,88.5193
301,88.5193,TokensAlign,never,88.7793
302,88.7793,TokensAlign,considers,89.3093
303,89.3093,TokensAlign,the,89.3793
304,89.3793,TokensAlign,danger,90.0093
305,90.0093,TokensAlign,i,90.1593
306,90.1593,TokensAlign,said,90.3893
307,90.3893,TokensAlign,to,90.4993
308,90.4993,TokensAlign,myself,91.0536
310,91.5674,TokensAlign,he,91.6724
311,91.6724,TokensAlign,s,91.7324
312,91.7324,TokensAlign,never,92.0124
313,92.0124,TokensAlign,been,92.1724
314,92.1724,TokensAlign,hungry,92.7024
315,92.7024,TokensAlign,or,92.8224
316,92.8224,TokensAlign,thirsty,93.4221
318,93.8162,TokensAlign,a,93.8912
319,93.8912,TokensAlign,little,94.1612
320,94.1612,TokensAlign,sunshine,94.8112
321,94.8112,TokensAlign,is,94.9612
322,94.9612,TokensAlign,all,95.1012
323,95.1012,TokensAlign,he,95.2312
324,95.2312,TokensAlign,needs,95.6959
326,96.4891,TokensAlign,but,96.6341
327,96.6341,TokensAlign,he,96.7441
328,96.7441,TokensAlign,looked,97.0841
329,97.0841,TokensAlign,at,97.1841
330,97.1841,TokensAlign,me,97.3541
331,97.3541,TokensAlign,and,97.4741
332,97.4741,TokensAlign,replied,97.8641
333,97.8641,TokensAlign,to,97.9841
334,97.9841,TokensAlign,my,98.1341
335,98.1341,TokensAlign,thought,98.6335
337,99.1523,TokensAlign,i,99.2573
338,99.2573,TokensAlign,m,99.3373
339,99.3373,TokensAlign,also,99.6773
340,99.6773,TokensAlign,thirsty,100.2222
342,100.6961,TokensAlign,let,100.8411
343,100.8411,TokensAlign,s,100.9311
344,100.9311,TokensAlign,look,101.1011
345,101.1011,TokensAlign,for,101.2511
346,101.2511,TokensAlign,a,101.2911
347,101.2911,TokensAlign,well,101.6709
349,102.6236,TokensAlign,i,102.7486
350,102.7486,TokensAlign,made,103.0086
351,103.0086,TokensAlign,a,103.0586
352,103.0586,TokensAlign,gesture,103.6286
353,103.6286,TokensAlign,of,103.7486
354,103.7486,TokensAlign,weariness,104.3933
356,104.6327,TokensAlign,it,105.0177
357,105.0177,TokensAlign,s,105.0577
358,105.0577,TokensAlign,absurd,105.5077
359,105.5077,TokensAlign,to,105.7277
360,105.7277,TokensAlign,look,105.9377
361,105.9377,TokensAlign,for,106.0777
362,106.0777,TokensAlign,a,106.1177
363,106.1177,TokensAlign,well,106.5277
364,106.5277,TokensAlign,at,106.7077
365,106.7077,TokensAlign,random,107.1877
366,107.1877,TokensAlign,in,107.3177
367,107.3177,TokensAlign,the,107.3977
368,107.3977,TokensAlign,immensity,108.0177
369,108.0177,TokensAlign,of,108.0977
370,108.0977,TokensAlign,the,108.1977
371,108.1977,TokensAlign,desert,108.6563
373,109.4594,TokensAlign,but,109.6444
374,109.6444,TokensAlign,we,109.7744
375,109.7744,TokensAlign,started,110.2244
376,110.2244,TokensAlign,walking,110.5844
377,110.5844,TokensAlign,anyway,111.0392
379,112.4958,TokensAlign,when,112.6708
380,112.6708,TokensAlign,we,112.8008
381,112.8008,TokensAlign,had,112.9208
382,112.9208,TokensAlign,walked,113.2708
383,113.2708,TokensAlign,for,113.4908
384,113.4908,TokensAlign,hours,113.9908
385,113.9908,TokensAlign,in,114.1208
386,114.1208,TokensAlign,silence,114.9508
387,114.9508,TokensAlign,night,115.3208
388,115.3208,TokensAlign,fell,115.69
390,115.9194,TokensAlign,and,116.0744
391,116.0744,TokensAlign,the,116.1344
392,116.1344,TokensAlign,stars,116.6344
393,116.6344,TokensAlign,began,116.9544
394,116.9544,TokensAlign,to,117.0344
395,117.0344,TokensAlign,come,117.2844
396,117.2844,TokensAlign,out,117.6039
398,118.0578,TokensAlign,i,118.3828
399,118.3828,TokensAlign,saw,118.6828
400,118.6828,TokensAlign,them,118.8728
401,118.8728,TokensAlign,as,119.0128
402,119.0128,TokensAlign,if,119.1628
403,119.1628,TokensAlign,in,119.2528
404,119.2528,TokensAlign,a,119.3228
405,119.3228,TokensAlign,dream,119.8572
407,120.0667,TokensAlign,as,120.2317
408,120.2317,TokensAlign,my,120.4017
409,120.4017,TokensAlign,thirst,120.7717
410,120.7717,TokensAlign,had,120.8917
411,120.8917,TokensAlign,made,121.1517
412,121.1517,TokensAlign,me,121.2817
413,121.2817,TokensAlign,feverish,121.9461
415,122.869,TokensAlign,the,122.984
416,122.984,TokensAlign,little,123.244
417,123.244,TokensAlign,prince,123.624
418,123.624,TokensAlign,s,123.804
419,123.804,TokensAlign,words,124.314
420,124.314,TokensAlign,danced,124.734
421,124.734,TokensAlign,in,124.824
422,124.824,TokensAlign,my,124.954
423,124.954,TokensAlign,memory,125.4186
425,126.0321,TokensAlign,so,126.2671
426,126.2671,TokensAlign,you,126.4971
427,126.4971,TokensAlign,re,126.5971
428,126.5971,TokensAlign,also,126.9371
429,126.9371,TokensAlign,thirsty,127.5019
431,127.7562,TokensAlign,i,127.8712
432,127.8712,TokensAlign,asked,128.2212
433,128.2212,TokensAlign,him,128.4212
435,129.0596,TokensAlign,but,129.1746
436,129.1746,TokensAlign,he,129.2846
437,129.2846,TokensAlign,didn,129.4846
438,129.4846,TokensAlign,t,129.5346
439,129.5346,TokensAlign,reply,129.9146
440,129.9146,TokensAlign,to,130.0746
441,130.0746,TokensAlign,my,130.2046
442,130.2046,TokensAlign,question,130.7841
444,131.1383,TokensAlign,he,131.4933
445,131.4933,TokensAlign,said,131.8133
446,131.8133,TokensAlign,simply,132.3776
448,132.9861,TokensAlign,water,133.3011
449,133.3011,TokensAlign,can,133.5111
450,133.5111,TokensAlign,be,133.6211
451,133.6211,TokensAlign,good,133.8311
452,133.8311,TokensAlign,for,133.9911
453,133.9911,TokensAlign,the,134.0811
454,134.0811,TokensAlign,heart,134.4511
455,134.4511,TokensAlign,too,134.8604
457,135.8132,TokensAlign,i,135.9382
458,135.9382,TokensAlign,didn,136.2182
459,136.2182,TokensAlign,t,136.2682
460,136.2682,TokensAlign,understand,136.9182
461,136.9182,TokensAlign,his,137.0882
462,137.0882,TokensAlign,answer,137.5831
464,137.8175,TokensAlign,but,137.9425
465,137.9425,TokensAlign,i,138.0725
466,138.0725,TokensAlign,said,138.3425
467,138.3425,TokensAlign,nothing,138.8222
469,139.3459,TokensAlign,i,139.4509
470,139.4509,TokensAlign,knew,139.7309
471,139.7309,TokensAlign,better,140.0709
472,140.0709,TokensAlign,than,140.2109
473,140.2109,TokensAlign,to,140.2909
474,140.2909,TokensAlign,press,140.6109
475,140.6109,TokensAlign,my,140.7409
476,140.7409,TokensAlign,questions,141.4653
478,142.2834,TokensAlign,he,142.3584
479,142.3584,TokensAlign,was,142.5384
480,142.5384,TokensAlign,tired,142.9632
482,143.4121,TokensAlign,he,143.4971
483,143.4971,TokensAlign,sat,143.7871
484,143.7871,TokensAlign,down,144.142
486,144.8054,TokensAlign,i,144.9404
487,144.9404,TokensAlign,sat,145.2104
488,145.2104,TokensAlign,down,145.4304
489,145.4304,TokensAlign,beside,145.8204
490,145.8204,TokensAlign,him,146.0352
492,146.8882,TokensAlign,and,147.0432
493,147.0432,TokensAlign,after,147.4432
494,147.4432,TokensAlign,a,147.4832
495,147.4832,TokensAlign,silence,148.0432
496,148.0432,TokensAlign,he,148.1432
497,148.1432,TokensAlign,spoke,148.4932
498,148.4932,TokensAlign,again,148.9127
500,150.1798,TokensAlign,the,150.2548
501,150.2548,TokensAlign,stars,150.7848
502,150.7848,TokensAlign,are,150.8448
503,150.8448,TokensAlign,beautiful,151.4348
504,151.4348,TokensAlign,because,151.7848
505,151.7848,TokensAlign,of,151.8748
506,151.8748,TokensAlign,a,151.9548
507,151.9548,TokensAlign,flower,152.4248
508,152.4248,TokensAlign,that,152.5948
509,152.5948,TokensAlign,can,152.8648
510,152.8648,TokensAlign,t,152.8948
511,152.8948,TokensAlign,be,153.0348
512,153.0348,TokensAlign,seen,153.4987
514,154.2968,TokensAlign,i,154.4018
515,154.4018,TokensAlign,replied,154.9366
517,155.5252,TokensAlign,that,155.6902
518,155.6902,TokensAlign,s,155.7502
519,155.7502,TokensAlign,TRUE,156.0801
521,156.7834,TokensAlign,and,156.9484
522,156.9484,TokensAlign,i,157.0484
523,157.0484,TokensAlign,looked,157.6884
524,157.6884,TokensAlign,without,158.0884
525,158.0884,TokensAlign,saying,158.4584
526,158.4584,TokensAlign,anything,159.1523
528,159.4016,TokensAlign,at,159.5166
529,159.5166,TokensAlign,the,159.5966
530,159.5966,TokensAlign,folds,160.1166
531,160.1166,TokensAlign,of,160.1966
532,160.1966,TokensAlign,sand,160.6766
533,160.6766,TokensAlign,in,160.7566
534,160.7566,TokensAlign,the,160.8366
535,160.8366,TokensAlign,moonlight,161.4711
537,162.394,TokensAlign,the,162.459
538,162.459,TokensAlign,desert,162.879
539,162.879,TokensAlign,is,163.019
540,163.019,TokensAlign,beautiful,163.5434
542,164.0721,TokensAlign,the,164.1371
543,164.1371,TokensAlign,little,164.3771
544,164.3771,TokensAlign,prince,164.8071
545,164.8071,TokensAlign,added,165.1867
547,166.0297,TokensAlign,and,166.1947
548,166.1947,TokensAlign,it,166.2547
549,166.2547,TokensAlign,was,166.4647
550,166.4647,TokensAlign,TRUE,166.8196
552,167.1737,TokensAlign,i,167.2287
553,167.2287,TokensAlign,have,167.3887
554,167.3887,TokensAlign,always,167.7887
555,167.7887,TokensAlign,loved,168.1087
556,168.1087,TokensAlign,the,168.1987
557,168.1987,TokensAlign,desert,168.6831
559,169.5809,TokensAlign,you,169.6859
560,169.6859,TokensAlign,sit,170.0159
561,170.0159,TokensAlign,down,170.2959
562,170.2959,TokensAlign,on,170.3959
563,170.3959,TokensAlign,a,170.4459
564,170.4459,TokensAlign,sand,170.8559
565,170.8559,TokensAlign,dune,171.1507
567,171.5197,TokensAlign,you,171.5947
568,171.5947,TokensAlign,see,171.8347
569,171.8347,TokensAlign,nothing,172.3296
571,172.8085,TokensAlign,you,172.9035
572,172.9035,TokensAlign,hear,173.2735
573,173.2735,TokensAlign,nothing,173.7332
575,174.232,TokensAlign,and,174.717
576,174.717,TokensAlign,yet,174.967
577,174.967,TokensAlign,something,175.677
578,175.677,TokensAlign,radiates,176.517
579,176.517,TokensAlign,forth,176.957
580,176.957,TokensAlign,in,177.047
581,177.047,TokensAlign,the,177.137
582,177.137,TokensAlign,silence,177.8608
584,179.088,TokensAlign,what,179.343
585,179.343,TokensAlign,makes,179.733
586,179.733,TokensAlign,the,179.823
587,179.823,TokensAlign,desert,180.323
588,180.323,TokensAlign,beautiful,180.987
590,181.3262,TokensAlign,said,181.5212
591,181.5212,TokensAlign,the,181.6512
592,181.6512,TokensAlign,little,181.9012
593,181.9012,TokensAlign,prince,182.4159
595,182.8997,TokensAlign,is,183.0947
596,183.0947,TokensAlign,that,183.3047
597,183.3047,TokensAlign,somewhere,183.9747
598,183.9747,TokensAlign,it,184.1247
599,184.1247,TokensAlign,hides,184.4647
600,184.4647,TokensAlign,a,184.5247
601,184.5247,TokensAlign,well,184.9094
603,186.4858,TokensAlign,i,186.5908
604,186.5908,TokensAlign,was,186.7808
605,186.7808,TokensAlign,surprised,187.4208
606,187.4208,TokensAlign,to,187.5108
607,187.5108,TokensAlign,suddenly,188.0708
608,188.0708,TokensAlign,understand,188.8208
609,188.8208,TokensAlign,this,189.0708
610,189.0708,TokensAlign,mysterious,189.8508
611,189.8508,TokensAlign,radiation,190.4808
612,190.4808,TokensAlign,of,190.5708
613,190.5708,TokensAlign,the,190.6508
614,190.6508,TokensAlign,sands,191.2598
616,192.4071,TokensAlign,when,192.5421
617,192.5421,TokensAlign,i,192.6721
618,192.6721,TokensAlign,was,192.8721
619,192.8721,TokensAlign,a,192.9221
620,192.9221,TokensAlign,little,193.2121
621,193.2121,TokensAlign,boy,193.5921
622,193.5921,TokensAlign,i,193.9121
623,193.9121,TokensAlign,lived,194.2021
624,194.2021,TokensAlign,in,194.4021
625,194.4021,TokensAlign,an,194.4821
626,194.4821,TokensAlign,old,194.7321
627,194.7321,TokensAlign,house,195.3664
629,195.6407,TokensAlign,and,195.9157
630,195.9157,TokensAlign,legend,196.4757
631,196.4757,TokensAlign,told,196.8857
632,196.8857,TokensAlign,that,197.0357
633,197.0357,TokensAlign,a,197.0757
634,197.0757,TokensAlign,treasure,197.5657
635,197.5657,TokensAlign,was,197.7857
636,197.7857,TokensAlign,buried,198.1757
637,198.1757,TokensAlign,there,198.3999
639,198.8239,TokensAlign,of,199.1489
640,199.1489,TokensAlign,course,199.7389
641,199.7389,TokensAlign,no,199.9489
642,199.9489,TokensAlign,one,200.0889
643,200.0889,TokensAlign,had,200.2689
644,200.2689,TokensAlign,ever,200.4889
645,200.4889,TokensAlign,been,200.6389
646,200.6389,TokensAlign,able,200.8989
647,200.8989,TokensAlign,to,200.9889
648,200.9889,TokensAlign,find,201.3589
649,201.3589,TokensAlign,it,201.5079
651,202.0166,TokensAlign,or,202.1216
652,202.1216,TokensAlign,perhaps,202.7116
653,202.7116,TokensAlign,no,202.9916
654,202.9916,TokensAlign,one,203.1416
655,203.1416,TokensAlign,had,203.3016
656,203.3016,TokensAlign,even,203.5216
657,203.5216,TokensAlign,looked,203.8416
658,203.8416,TokensAlign,for,203.9716
659,203.9716,TokensAlign,it,204.1807
661,204.6895,TokensAlign,but,205.1345
662,205.1345,TokensAlign,it,205.2745
663,205.2745,TokensAlign,cast,205.7345
664,205.7345,TokensAlign,an,205.8045
665,205.8045,TokensAlign,enchantment,206.6745
666,206.6745,TokensAlign,over,206.7745
667,206.7745,TokensAlign,that,207.1145
668,207.1145,TokensAlign,house,207.6532
670,208.1072,TokensAlign,my,208.4122
671,208.4122,TokensAlign,home,208.8622
672,208.8622,TokensAlign,was,209.0622
673,209.0622,TokensAlign,hiding,209.4322
674,209.4322,TokensAlign,a,209.5122
675,209.5122,TokensAlign,secret,210.1522
676,210.1522,TokensAlign,in,210.2722
677,210.2722,TokensAlign,the,210.3322
678,210.3322,TokensAlign,depths,210.8622
679,210.8622,TokensAlign,of,210.9422
680,210.9422,TokensAlign,its,211.1322
681,211.1322,TokensAlign,heart,211.5209
683,212.369,TokensAlign,yes,212.8639
685,213.1333,TokensAlign,i,213.2383
686,213.2383,TokensAlign,said,213.4783
687,213.4783,TokensAlign,to,213.5983
688,213.5983,TokensAlign,the,213.6983
689,213.6983,TokensAlign,little,213.9283
690,213.9283,TokensAlign,prince,214.3977
692,215.1809,TokensAlign,whether,215.4259
693,215.4259,TokensAlign,the,215.5659
694,215.5659,TokensAlign,house,216.1808
696,216.3802,TokensAlign,the,216.4452
697,216.4452,TokensAlign,stars,217.0352
698,217.0352,TokensAlign,or,217.1652
699,217.1652,TokensAlign,the,217.2452
700,217.2452,TokensAlign,desert,217.7499
702,218.2587,TokensAlign,what,218.4637
703,218.4637,TokensAlign,gives,218.7237
704,218.7237,TokensAlign,them,218.8837
705,218.8837,TokensAlign,their,219.1137
706,219.1137,TokensAlign,beauty,219.5837
707,219.5837,TokensAlign,is,219.6837
708,219.6837,TokensAlign,something,220.0437
709,220.0437,TokensAlign,invisible,220.6729
711,221.7653,TokensAlign,i,221.8803
712,221.8803,TokensAlign,m,221.9403
713,221.9403,TokensAlign,glad,222.3203
714,222.3203,TokensAlign,he,222.6403
715,222.6403,TokensAlign,said,223.0349
717,223.3391,TokensAlign,that,223.5041
718,223.5041,TokensAlign,you,223.6141
719,223.6141,TokensAlign,agree,223.9441
720,223.9441,TokensAlign,with,224.0741
721,224.0741,TokensAlign,my,224.2241
722,224.2241,TokensAlign,fox,224.7836
724,226.3599,TokensAlign,as,226.5449
725,226.5449,TokensAlign,the,226.6249
726,226.6249,TokensAlign,little,226.9049
727,226.9049,TokensAlign,prince,227.3449
728,227.3449,TokensAlign,fell,227.4949
729,227.4949,TokensAlign,asleep,228.3149
730,228.3149,TokensAlign,i,228.4049
731,228.4049,TokensAlign,took,228.6549
732,228.6549,TokensAlign,him,228.7749
733,228.7749,TokensAlign,in,228.8949
734,228.8949,TokensAlign,my,229.0749
735,229.0749,TokensAlign,arms,229.5749
736,229.5749,TokensAlign,and,229.7149
737,229.7149,TokensAlign,set,229.9549
738,229.9549,TokensAlign,out,230.2149
739,230.2149,TokensAlign,walking,230.5449
740,230.5449,TokensAlign,again,230.9536
742,231.657,TokensAlign,i,231.782
743,231.782,TokensAlign,felt,232.182
744,232.182,TokensAlign,deeply,232.642
745,232.642,TokensAlign,moved,233.1411
747,233.615,TokensAlign,it,234.01
748,234.01,TokensAlign,seemed,234.37
749,234.37,TokensAlign,to,234.48
750,234.48,TokensAlign,me,234.65
751,234.65,TokensAlign,that,234.79
752,234.79,TokensAlign,i,234.88
753,234.88,TokensAlign,was,235.11
754,235.11,TokensAlign,carrying,235.62
755,235.62,TokensAlign,a,235.7
756,235.7,TokensAlign,very,236.05
757,236.05,TokensAlign,fragile,236.79
758,236.79,TokensAlign,treasure,237.349
760,237.8229,TokensAlign,it,238.1479
761,238.1479,TokensAlign,even,238.5179
762,238.5179,TokensAlign,seemed,238.9279
763,238.9279,TokensAlign,to,239.0179
764,239.0179,TokensAlign,me,239.2179
765,239.2179,TokensAlign,that,239.3579
766,239.3579,TokensAlign,there,239.4979
767,239.4979,TokensAlign,was,239.6679
768,239.6679,TokensAlign,nothing,240.2279
769,240.2279,TokensAlign,more,240.4679
770,240.4679,TokensAlign,fragile,241.0379
771,241.0379,TokensAlign,on,241.1979
772,241.1979,TokensAlign,earth,241.5819
774,242.7841,TokensAlign,i,242.9291
775,242.9291,TokensAlign,looked,243.2991
776,243.2991,TokensAlign,in,243.4391
777,243.4391,TokensAlign,the,243.5191
778,243.5191,TokensAlign,moonlight,244.1491
779,244.1491,TokensAlign,at,244.2591
780,244.2591,TokensAlign,his,244.4591
781,244.4591,TokensAlign,pale,244.8691
782,244.8691,TokensAlign,forehead,245.4634
784,245.7726,TokensAlign,his,245.8876
785,245.8876,TokensAlign,closed,246.4376
786,246.4376,TokensAlign,eyes,246.8774
788,247.2714,TokensAlign,his,247.4064
789,247.4064,TokensAlign,locks,247.8264
790,247.8264,TokensAlign,of,247.9364
791,247.9364,TokensAlign,hair,248.2364
792,248.2364,TokensAlign,that,248.4264
793,248.4264,TokensAlign,trembled,248.9864
794,248.9864,TokensAlign,in,249.0964
795,249.0964,TokensAlign,the,249.1964
796,249.1964,TokensAlign,wind,249.5958
798,250.0946,TokensAlign,and,250.2496
799,250.2496,TokensAlign,i,250.3596
800,250.3596,TokensAlign,said,250.6596
801,250.6596,TokensAlign,to,250.7996
802,250.7996,TokensAlign,myself,251.3895
804,252.1577,TokensAlign,what,252.2827
805,252.2827,TokensAlign,i,252.4627
806,252.4627,TokensAlign,see,252.7827
807,252.7827,TokensAlign,here,253.1027
808,253.1027,TokensAlign,is,253.2627
809,253.2627,TokensAlign,only,253.5927
810,253.5927,TokensAlign,a,253.6327
811,253.6327,TokensAlign,shell,254.0876
813,254.7012,TokensAlign,that,254.8162
814,254.8162,TokensAlign,which,255.1362
815,255.1362,TokensAlign,is,255.2562
816,255.2562,TokensAlign,most,255.6762
817,255.6762,TokensAlign,important,256.2962
818,256.2962,TokensAlign,is,256.4262
819,256.4262,TokensAlign,invisible,256.9855
821,258.2077,TokensAlign,as,258.3727
822,258.3727,TokensAlign,his,258.5327
823,258.5327,TokensAlign,slightly,259.0627
824,259.0627,TokensAlign,parted,259.6127
825,259.6127,TokensAlign,lips,260.0527
826,260.0527,TokensAlign,gave,260.3627
827,260.3627,TokensAlign,way,260.5327
828,260.5327,TokensAlign,to,260.7027
829,260.7027,TokensAlign,a,260.8127
830,260.8127,TokensAlign,half,261.1027
831,261.1027,TokensAlign,smile,261.6027
832,261.6027,TokensAlign,i,261.6927
833,261.6927,TokensAlign,continued,262.3815
835,263.2195,TokensAlign,what,263.3445
836,263.3445,TokensAlign,i,263.4845
837,263.4845,TokensAlign,find,263.9145
838,263.9145,TokensAlign,so,264.1745
839,264.1745,TokensAlign,deeply,264.6145
840,264.6145,TokensAlign,moving,265.0445
841,265.0445,TokensAlign,about,265.3845
842,265.3845,TokensAlign,this,265.6545
843,265.6545,TokensAlign,little,265.9245
844,265.9245,TokensAlign,sleeping,266.5045
845,266.5045,TokensAlign,prince,267.0932
847,267.5671,TokensAlign,is,267.6821
848,267.6821,TokensAlign,his,267.8621
849,267.8621,TokensAlign,devotion,268.4121
850,268.4121,TokensAlign,to,268.5521
851,268.5521,TokensAlign,a,268.6321
852,268.6321,TokensAlign,flower,269.097
854,269.94,TokensAlign,it,270.085
855,270.085,TokensAlign,s,270.165
856,270.165,TokensAlign,the,270.335
857,270.335,TokensAlign,image,270.735
858,270.735,TokensAlign,of,271.015
859,271.015,TokensAlign,a,271.105
860,271.105,TokensAlign,rose,271.455
861,271.455,TokensAlign,that,271.635
862,271.635,TokensAlign,shines,272.115
863,272.115,TokensAlign,in,272.195
864,272.195,TokensAlign,him,272.405
865,272.405,TokensAlign,like,272.665
866,272.665,TokensAlign,the,272.765
867,272.765,TokensAlign,flame,273.145
868,273.145,TokensAlign,of,273.265
869,273.265,TokensAlign,a,273.305
870,273.305,TokensAlign,lamp,273.895
871,273.895,TokensAlign,even,274.185
872,274.185,TokensAlign,when,274.345
873,274.345,TokensAlign,he,274.445
874,274.445,TokensAlign,s,274.575
875,274.575,TokensAlign,sleeping,275.0434
877,275.9612,TokensAlign,and,276.1262
878,276.1262,TokensAlign,i,276.2162
879,276.2162,TokensAlign,came,276.5562
880,276.5562,TokensAlign,to,276.6862
881,276.6862,TokensAlign,think,277.0262
882,277.0262,TokensAlign,of,277.1162
883,277.1162,TokensAlign,him,277.2962
884,277.2962,TokensAlign,as,277.4462
885,277.4462,TokensAlign,even,277.7062
886,277.7062,TokensAlign,more,278.0162
887,278.0162,TokensAlign,fragile,278.6257
889,279.9526,TokensAlign,one,280.1076
890,280.1076,TokensAlign,has,280.4376
891,280.4376,TokensAlign,to,280.5576
892,280.5576,TokensAlign,look,280.7576
893,280.7576,TokensAlign,after,281.1176
894,281.1176,TokensAlign,lamps,281.7471
896,282.1162,TokensAlign,a,282.1712
897,282.1712,TokensAlign,gust,282.6012
898,282.6012,TokensAlign,of,282.7312
899,282.7312,TokensAlign,wind,283.0712
900,283.0712,TokensAlign,can,283.2712
901,283.2712,TokensAlign,put,283.4712
902,283.4712,TokensAlign,them,283.6312
903,283.6312,TokensAlign,out,283.9954
905,284.7786,TokensAlign,and,284.9636
906,284.9636,TokensAlign,continuing,285.6336
907,285.6336,TokensAlign,to,285.7836
908,285.7836,TokensAlign,walk,286.1634
910,286.6622,TokensAlign,i,286.7772
911,286.7772,TokensAlign,found,287.1972
912,287.1972,TokensAlign,the,287.3372
913,287.3372,TokensAlign,well,287.7272
914,287.7272,TokensAlign,at,287.8872
915,287.8872,TokensAlign,daybreak,288.4515
918,289.6757,TokensAlign,men,290.1557
920,290.3402,TokensAlign,said,290.5452
921,290.5452,TokensAlign,the,290.6552
922,290.6552,TokensAlign,little,290.8852
923,290.8852,TokensAlign,prince,291.3949
925,291.5994,TokensAlign,stuff,292.2944
926,292.2944,TokensAlign,themselves,292.9044
927,292.9044,TokensAlign,into,293.1644
928,293.1644,TokensAlign,express,293.7344
929,293.7344,TokensAlign,trains,294.3085
931,294.5828,TokensAlign,but,294.7078
932,294.7078,TokensAlign,they,294.8778
933,294.8778,TokensAlign,don,295.0878
934,295.0878,TokensAlign,t,295.1178
935,295.1178,TokensAlign,know,295.2578
936,295.2578,TokensAlign,what,295.4078
937,295.4078,TokensAlign,they,295.5278
938,295.5278,TokensAlign,re,295.5878
939,295.5878,TokensAlign,looking,295.9278
940,295.9278,TokensAlign,for,296.2321
942,296.5414,TokensAlign,so,296.7364
943,296.7364,TokensAlign,they,296.8864
944,296.8864,TokensAlign,rush,297.1864
945,297.1864,TokensAlign,about,297.6264
946,297.6264,TokensAlign,and,297.7864
947,297.7864,TokensAlign,go,297.9464
948,297.9464,TokensAlign,in,298.0864
949,298.0864,TokensAlign,circles,298.796
951,299.4295,TokensAlign,and,299.5845
952,299.5845,TokensAlign,he,299.7045
953,299.7045,TokensAlign,added,300.0994
955,300.683,TokensAlign,it,300.828
956,300.828,TokensAlign,s,300.898
957,300.898,TokensAlign,not,301.158
958,301.158,TokensAlign,worth,301.518
959,301.518,TokensAlign,it,301.7874
961,303.3687,TokensAlign,the,303.5237
962,303.5237,TokensAlign,well,303.8337
963,303.8337,TokensAlign,we,303.9237
964,303.9237,TokensAlign,had,304.0937
965,304.0937,TokensAlign,reached,304.6437
966,304.6437,TokensAlign,wasn,304.8837
967,304.8837,TokensAlign,t,305.0137
968,305.0137,TokensAlign,like,305.3237
969,305.3237,TokensAlign,the,305.4537
970,305.4537,TokensAlign,other,305.6437
971,305.6437,TokensAlign,wells,305.9737
972,305.9737,TokensAlign,of,306.0637
973,306.0637,TokensAlign,the,306.1437
974,306.1437,TokensAlign,sahara,306.7278
976,307.476,TokensAlign,the,307.561
977,307.561,TokensAlign,wells,307.961
978,307.961,TokensAlign,of,308.041
979,308.041,TokensAlign,the,308.121
980,308.121,TokensAlign,sahara,308.761
981,308.761,TokensAlign,are,309.061
982,309.061,TokensAlign,mere,309.401
983,309.401,TokensAlign,holes,310.011
984,310.011,TokensAlign,dug,310.261
985,310.261,TokensAlign,in,310.371
986,310.371,TokensAlign,the,310.451
987,310.451,TokensAlign,sand,310.9604
989,311.3046,TokensAlign,this,311.8596
990,311.8596,TokensAlign,one,312.0496
991,312.0496,TokensAlign,looked,312.3896
992,312.3896,TokensAlign,like,312.5996
993,312.5996,TokensAlign,a,312.6396
994,312.6396,TokensAlign,village,313.1296
995,313.1296,TokensAlign,well,313.3984
997,314.0269,TokensAlign,but,314.1719
998,314.1719,TokensAlign,there,314.3519
999,314.3519,TokensAlign,was,314.5519
1000,314.5519,TokensAlign,no,314.7519
1001,314.7519,TokensAlign,village,315.2419
1002,315.2419,TokensAlign,there,315.4866
1004,315.9654,TokensAlign,and,316.1004
1005,316.1004,TokensAlign,i,316.2004
1006,316.2004,TokensAlign,thought,316.4304
1007,316.4304,TokensAlign,i,316.5404
1008,316.5404,TokensAlign,was,316.7104
1009,316.7104,TokensAlign,dreaming,317.1853
1011,318.1581,TokensAlign,it,318.2831
1012,318.2831,TokensAlign,s,318.3531
1013,318.3531,TokensAlign,strange,319.2131
1014,319.2131,TokensAlign,i,319.3231
1015,319.3231,TokensAlign,said,319.5631
1016,319.5631,TokensAlign,to,319.6531
1017,319.6531,TokensAlign,the,319.7331
1018,319.7331,TokensAlign,little,319.9731
1019,319.9731,TokensAlign,prince,320.4823
1021,320.8963,TokensAlign,everything,321.3513
1022,321.3513,TokensAlign,s,321.4713
1023,321.4713,TokensAlign,been,321.6713
1024,321.6713,TokensAlign,prepared,322.3106
1026,322.5849,TokensAlign,the,322.6499
1027,322.6499,TokensAlign,pulley,323.1199
1028,323.1199,TokensAlign,the,323.2199
1029,323.2199,TokensAlign,bucket,323.7099
1030,323.7099,TokensAlign,and,323.7999
1031,323.7999,TokensAlign,the,323.9099
1032,323.9099,TokensAlign,rope,324.3487
1034,324.8425,TokensAlign,he,325.0575
1035,325.0575,TokensAlign,laughed,325.5321
1037,325.7416,TokensAlign,took,325.9466
1038,325.9466,TokensAlign,the,326.0966
1039,326.0966,TokensAlign,rope,326.7066
1040,326.7066,TokensAlign,and,326.9366
1041,326.9366,TokensAlign,put,327.1066
1042,327.1066,TokensAlign,the,327.2366
1043,327.2366,TokensAlign,pulley,327.6366
1044,327.6366,TokensAlign,to,327.7866
1045,327.7866,TokensAlign,work,328.1796
1047,328.7483,TokensAlign,and,329.0633
1048,329.0633,TokensAlign,the,329.1433
1049,329.1433,TokensAlign,pulley,329.5533
1050,329.5533,TokensAlign,moaned,330.0833
1051,330.0833,TokensAlign,like,330.2633
1052,330.2633,TokensAlign,an,330.3533
1053,330.3533,TokensAlign,old,330.6833
1054,330.6833,TokensAlign,weathervane,331.3533
1055,331.3533,TokensAlign,when,331.6633
1056,331.6633,TokensAlign,there,331.7533
1057,331.7533,TokensAlign,has,332.0033
1058,332.0033,TokensAlign,long,332.3133
1059,332.3133,TokensAlign,been,332.6433
1060,332.6433,TokensAlign,no,332.8733
1061,332.8733,TokensAlign,wind,333.3371
1063,334.1651,TokensAlign,can,334.3001
1064,334.3001,TokensAlign,you,334.4301
1065,334.4301,TokensAlign,hear,334.6101
1066,334.6101,TokensAlign,that,335.1248
1068,335.3641,TokensAlign,said,335.5591
1069,335.5591,TokensAlign,the,335.6391
1070,335.6391,TokensAlign,little,335.8891
1071,335.8891,TokensAlign,prince,336.3688
1073,336.6581,TokensAlign,we,337.0031
1074,337.0031,TokensAlign,ve,337.0831
1075,337.0831,TokensAlign,woken,337.3731
1076,337.3731,TokensAlign,up,337.5831
1077,337.5831,TokensAlign,the,337.6831
1078,337.6831,TokensAlign,well,338.0231
1079,338.0231,TokensAlign,and,338.1831
1080,338.1831,TokensAlign,it,338.3331
1081,338.3331,TokensAlign,s,338.4031
1082,338.4031,TokensAlign,singing,338.8872
1084,339.7302,TokensAlign,i,339.8752
1085,339.8752,TokensAlign,didn,340.1452
1086,340.1452,TokensAlign,t,340.1752
1087,340.1752,TokensAlign,want,340.4252
1088,340.4252,TokensAlign,him,340.5452
1089,340.5452,TokensAlign,to,340.6052
1090,340.6052,TokensAlign,tire,340.8652
1091,340.8652,TokensAlign,himself,341.4052
1092,341.4052,TokensAlign,out,341.7598
1094,342.2935,TokensAlign,let,342.4485
1095,342.4485,TokensAlign,me,342.6085
1096,342.6085,TokensAlign,do,342.7585
1097,342.7585,TokensAlign,it,343.1785
1098,343.1785,TokensAlign,i,343.2885
1099,343.2885,TokensAlign,said,343.6378
1101,343.962,TokensAlign,it,344.057
1102,344.057,TokensAlign,s,344.117
1103,344.117,TokensAlign,too,344.267
1104,344.267,TokensAlign,heavy,344.517
1105,344.517,TokensAlign,for,344.687
1106,344.687,TokensAlign,you,344.9517
1108,345.9743,TokensAlign,i,346.1693
1109,346.1693,TokensAlign,hoisted,346.6493
1110,346.6493,TokensAlign,the,346.7593
1111,346.7593,TokensAlign,bucket,347.1893
1112,347.1893,TokensAlign,slowly,347.7493
1113,347.7493,TokensAlign,to,347.8893
1114,347.8893,TokensAlign,the,348.0093
1115,348.0093,TokensAlign,edge,348.2293
1116,348.2293,TokensAlign,of,348.3093
1117,348.3093,TokensAlign,the,348.4093
1118,348.4093,TokensAlign,well,348.8493
1119,348.8493,TokensAlign,and,349.0993
1120,349.0993,TokensAlign,set,349.3193
1121,349.3193,TokensAlign,it,349.4693
1122,349.4693,TokensAlign,down,349.7793
1123,349.7793,TokensAlign,good,350.0893
1124,350.0893,TokensAlign,and,350.2793
1125,350.2793,TokensAlign,level,350.6727
1127,351.2762,TokensAlign,the,351.3412
1128,351.3412,TokensAlign,song,351.6612
1129,351.6612,TokensAlign,of,351.8412
1130,351.8412,TokensAlign,the,351.9512
1131,351.9512,TokensAlign,pulley,352.3412
1132,352.3412,TokensAlign,continued,352.9612
1133,352.9612,TokensAlign,in,353.0512
1134,353.0512,TokensAlign,my,353.2712
1135,353.2712,TokensAlign,ears,354.1712
1136,354.1712,TokensAlign,and,354.3412
1137,354.3412,TokensAlign,in,354.4612
1138,354.4612,TokensAlign,the,354.5312
1139,354.5312,TokensAlign,still,354.9512
1140,354.9512,TokensAlign,trembling,355.5312
1141,355.5312,TokensAlign,water,356.4112
1142,356.4112,TokensAlign,i,356.5312
1143,356.5312,TokensAlign,could,356.7112
1144,356.7112,TokensAlign,see,356.9412
1145,356.9412,TokensAlign,the,357.0312
1146,357.0312,TokensAlign,sunlight,357.6612
1147,357.6612,TokensAlign,shimmer,358.0637
1149,359.0414,TokensAlign,i,359.1364
1150,359.1364,TokensAlign,m,359.1864
1151,359.1864,TokensAlign,thirsty,359.7264
1152,359.7264,TokensAlign,for,359.8564
1153,359.8564,TokensAlign,this,360.1264
1154,360.1264,TokensAlign,water,360.5609
1156,360.7504,TokensAlign,said,360.9254
1157,360.9254,TokensAlign,the,361.0354
1158,361.0354,TokensAlign,little,361.2354
1159,361.2354,TokensAlign,prince,361.6701
1161,362.1889,TokensAlign,give,362.3239
1162,362.3239,TokensAlign,me,362.4539
1163,362.4539,TokensAlign,some,362.7139
1164,362.7139,TokensAlign,to,362.8139
1165,362.8139,TokensAlign,drink,363.2586
1167,364.2214,TokensAlign,and,364.4064
1168,364.4064,TokensAlign,i,364.5064
1169,364.5064,TokensAlign,knew,364.8664
1170,364.8664,TokensAlign,then,365.2564
1171,365.2564,TokensAlign,what,365.4964
1172,365.4964,TokensAlign,he,365.6064
1173,365.6064,TokensAlign,d,365.6564
1174,365.6564,TokensAlign,been,365.7964
1175,365.7964,TokensAlign,looking,366.1364
1176,366.1364,TokensAlign,for,366.4408
1178,367.1342,TokensAlign,i,367.5092
1179,367.5092,TokensAlign,raised,367.9192
1180,367.9192,TokensAlign,the,368.0092
1181,368.0092,TokensAlign,bucket,368.3992
1182,368.3992,TokensAlign,to,368.5592
1183,368.5592,TokensAlign,his,368.7092
1184,368.7092,TokensAlign,lips,369.1929
1186,369.5371,TokensAlign,he,369.6321
1187,369.6321,TokensAlign,drank,370.3121
1188,370.3121,TokensAlign,his,370.5321
1189,370.5321,TokensAlign,eyes,370.9821
1190,370.9821,TokensAlign,closed,371.6612
1192,372.0153,TokensAlign,it,372.3603
1193,372.3603,TokensAlign,was,372.5903
1194,372.5903,TokensAlign,as,372.7103
1195,372.7103,TokensAlign,sweet,373.1203
1196,373.1203,TokensAlign,as,373.2503
1197,373.2503,TokensAlign,some,373.4703
1198,373.4703,TokensAlign,special,374.0203
1199,374.0203,TokensAlign,festival,374.7203
1200,374.7203,TokensAlign,treat,375.1344
1202,376.0073,TokensAlign,this,376.3223
1203,376.3223,TokensAlign,water,376.7523
1204,376.7523,TokensAlign,was,376.8823
1205,376.8823,TokensAlign,something,377.3823
1206,377.3823,TokensAlign,very,377.7223
1207,377.7223,TokensAlign,different,378.3223
1208,378.3223,TokensAlign,from,378.6023
1209,378.6023,TokensAlign,ordinary,379.2423
1210,379.2423,TokensAlign,nourishment,379.8061
1212,380.2999,TokensAlign,it,380.4249
1213,380.4249,TokensAlign,was,380.6349
1214,380.6349,TokensAlign,born,380.9349
1215,380.9349,TokensAlign,of,381.1049
1216,381.1049,TokensAlign,the,381.1849
1217,381.1849,TokensAlign,walk,381.5449
1218,381.5449,TokensAlign,under,381.7849
1219,381.7849,TokensAlign,the,381.8649
1220,381.8649,TokensAlign,stars,382.5296
1222,382.7989,TokensAlign,of,382.9139
1223,382.9139,TokensAlign,the,383.0139
1224,383.0139,TokensAlign,song,383.3439
1225,383.3439,TokensAlign,of,383.4439
1226,383.4439,TokensAlign,the,383.5539
1227,383.5539,TokensAlign,pulley,384.0135
1229,384.3676,TokensAlign,of,384.4826
1230,384.4826,TokensAlign,the,384.6226
1231,384.6226,TokensAlign,effort,384.9726
1232,384.9726,TokensAlign,of,385.0526
1233,385.0526,TokensAlign,my,385.2626
1234,385.2626,TokensAlign,arms,385.7871
1236,386.3308,TokensAlign,it,386.4658
1237,386.4658,TokensAlign,was,386.6858
1238,386.6858,TokensAlign,good,386.9958
1239,386.9958,TokensAlign,for,387.0858
1240,387.0858,TokensAlign,the,387.1858
1241,387.1858,TokensAlign,heart,387.8858
1242,387.8858,TokensAlign,like,388.0758
1243,388.0758,TokensAlign,a,388.1158
1244,388.1158,TokensAlign,present,388.7344
1246,389.5475,TokensAlign,when,389.9125
1247,389.9125,TokensAlign,i,390.0325
1248,390.0325,TokensAlign,was,390.2225
1249,390.2225,TokensAlign,a,390.2825
1250,390.2825,TokensAlign,little,390.5925
1251,390.5925,TokensAlign,boy,391.0519
1253,391.4809,TokensAlign,the,391.5759
1254,391.5759,TokensAlign,lights,391.9359
1255,391.9359,TokensAlign,of,392.0459
1256,392.0459,TokensAlign,the,392.1259
1257,392.1259,TokensAlign,christmas,392.7459
1258,392.7459,TokensAlign,tree,392.9859
1259,392.9859,TokensAlign,the,393.2359
1260,393.2359,TokensAlign,music,393.8059
1261,393.8059,TokensAlign,of,393.8759
1262,393.8759,TokensAlign,the,394.0059
1263,394.0059,TokensAlign,midnight,394.4459
1264,394.4459,TokensAlign,mass,395.2259
1265,395.2259,TokensAlign,the,395.3159
1266,395.3159,TokensAlign,tenderness,396.0159
1267,396.0159,TokensAlign,in,396.1059
1268,396.1059,TokensAlign,the,396.2159
1269,396.2159,TokensAlign,smiles,396.8237
1271,397.1279,TokensAlign,produced,397.6829
1272,397.6829,TokensAlign,in,397.7729
1273,397.7729,TokensAlign,a,397.8429
1274,397.8429,TokensAlign,similar,398.3329
1275,398.3329,TokensAlign,way,398.7029
1277,399.042,TokensAlign,the,399.157
1278,399.157,TokensAlign,radiance,399.797
1279,399.797,TokensAlign,of,399.887
1280,399.887,TokensAlign,the,399.977
1281,399.977,TokensAlign,gift,400.337
1282,400.337,TokensAlign,that,400.497
1283,400.497,TokensAlign,i,400.597
1284,400.597,TokensAlign,received,401.2313
1286,402.4534,TokensAlign,the,402.6084
1287,402.6084,TokensAlign,men,402.8184
1288,402.8184,TokensAlign,where,402.9984
1289,402.9984,TokensAlign,you,403.2684
1290,403.2684,TokensAlign,live,403.5934
1292,403.9076,TokensAlign,said,404.1126
1293,404.1126,TokensAlign,the,404.2026
1294,404.2026,TokensAlign,little,404.4726
1295,404.4726,TokensAlign,prince,404.9274
1297,405.3763,TokensAlign,grow,405.5713
1298,405.5713,TokensAlign,five,406.0013
1299,406.0013,TokensAlign,thousand,406.6513
1300,406.6513,TokensAlign,roses,407.1313
1301,407.1313,TokensAlign,in,407.2113
1302,407.2113,TokensAlign,a,407.2613
1303,407.2613,TokensAlign,single,407.8213
1304,407.8213,TokensAlign,garden,408.3606
1306,408.8594,TokensAlign,and,409.0044
1307,409.0044,TokensAlign,they,409.1144
1308,409.1144,TokensAlign,don,409.3444
1309,409.3444,TokensAlign,t,409.3944
1310,409.3944,TokensAlign,find,409.7844
1311,409.7844,TokensAlign,what,409.9144
1312,409.9144,TokensAlign,they,410.0144
1313,410.0144,TokensAlign,re,410.0744
1314,410.0744,TokensAlign,looking,410.4144
1315,410.4144,TokensAlign,for,410.6944
1316,410.6944,TokensAlign,in,410.8144
1317,410.8144,TokensAlign,it,411.0635
1319,411.7818,TokensAlign,they,411.9168
1320,411.9168,TokensAlign,don,412.1068
1321,412.1068,TokensAlign,t,412.1368
1322,412.1368,TokensAlign,find,412.4368
1323,412.4368,TokensAlign,it,412.6866
1325,412.9259,TokensAlign,i,413.0309
1326,413.0309,TokensAlign,replied,413.6107
1328,414.1993,TokensAlign,and,414.6643
1329,414.6643,TokensAlign,yet,414.8443
1330,414.8443,TokensAlign,what,415.0443
1331,415.0443,TokensAlign,they,415.1343
1332,415.1343,TokensAlign,re,415.2043
1333,415.2043,TokensAlign,looking,415.6243
1334,415.6243,TokensAlign,for,416.0134
1336,416.2628,TokensAlign,could,416.3978
1337,416.3978,TokensAlign,be,416.5278
1338,416.5278,TokensAlign,found,416.8578
1339,416.8578,TokensAlign,in,416.9478
1340,416.9478,TokensAlign,a,417.0178
1341,417.0178,TokensAlign,single,417.9278
1342,417.9278,TokensAlign,rose,418.2473
1344,418.5466,TokensAlign,or,418.6716
1345,418.6716,TokensAlign,in,418.7916
1346,418.7916,TokensAlign,a,418.8716
1347,418.8716,TokensAlign,little,419.1816
1348,419.1816,TokensAlign,water,419.6864
1350,420.5245,TokensAlign,that,420.6895
1351,420.6895,TokensAlign,s,420.7695
1352,420.7695,TokensAlign,TRUE,421.1294
1354,421.3987,TokensAlign,i,421.5537
1355,421.5537,TokensAlign,said,421.9336
1357,422.7616,TokensAlign,and,422.9666
1358,422.9666,TokensAlign,the,423.0266
1359,423.0266,TokensAlign,little,423.2866
1360,423.2866,TokensAlign,prince,423.6666
1361,423.6666,TokensAlign,added,424.0614
1363,424.6799,TokensAlign,but,424.7849
1364,424.7849,TokensAlign,the,424.9549
1365,424.9549,TokensAlign,eyes,425.3349
1366,425.3349,TokensAlign,are,425.3749
1367,425.3749,TokensAlign,blind,426.0046
1369,426.2888,TokensAlign,you,426.4038
1370,426.4038,TokensAlign,have,426.6738
1371,426.6738,TokensAlign,to,426.8138
1372,426.8138,TokensAlign,search,427.2038
1373,427.2038,TokensAlign,with,427.3638
1374,427.3638,TokensAlign,the,427.4538
1375,427.4538,TokensAlign,heart,427.9231
1377,429.2899,TokensAlign,i,429.3549
1378,429.3549,TokensAlign,had,429.5249
1379,429.5249,TokensAlign,drunk,429.8549
1380,429.8549,TokensAlign,the,430.0149
1381,430.0149,TokensAlign,water,430.4396
1383,430.9684,TokensAlign,i,431.0734
1384,431.0734,TokensAlign,breathed,431.5934
1385,431.5934,TokensAlign,easily,432.0681
1387,432.7166,TokensAlign,the,432.9916
1388,432.9916,TokensAlign,sand,433.4616
1389,433.4616,TokensAlign,at,433.5516
1390,433.5516,TokensAlign,sunrise,434.1816
1391,434.1816,TokensAlign,is,434.3316
1392,434.3316,TokensAlign,the,434.4016
1393,434.4016,TokensAlign,color,434.7416
1394,434.7416,TokensAlign,of,434.8716
1395,434.8716,TokensAlign,honey,435.2808
1397,435.8196,TokensAlign,this,436.4346
1398,436.4346,TokensAlign,honey,436.8046
1399,436.8046,TokensAlign,color,437.1946
1400,437.1946,TokensAlign,was,437.4346
1401,437.4346,TokensAlign,also,437.7746
1402,437.7746,TokensAlign,making,438.1646
1403,438.1646,TokensAlign,me,438.2646
1404,438.2646,TokensAlign,feel,438.5946
1405,438.5946,TokensAlign,good,438.9486
1407,439.7667,TokensAlign,why,440.1517
1408,440.1517,TokensAlign,then,440.4917
1409,440.4917,TokensAlign,did,440.6617
1410,440.6617,TokensAlign,i,440.8117
1411,440.8117,TokensAlign,have,440.9117
1412,440.9117,TokensAlign,to,440.9817
1413,440.9817,TokensAlign,have,441.1617
1414,441.1617,TokensAlign,this,441.3717
1415,441.3717,TokensAlign,sense,441.9217
1416,441.9217,TokensAlign,of,442.0717
1417,442.0717,TokensAlign,grief,442.6761
1419,443.8284,TokensAlign,you,443.9234
1420,443.9234,TokensAlign,have,444.1234
1421,444.1234,TokensAlign,to,444.2934
1422,444.2934,TokensAlign,keep,444.5734
1423,444.5734,TokensAlign,your,444.7334
1424,444.7334,TokensAlign,promise,445.3879
1426,445.7769,TokensAlign,said,445.9719
1427,445.9719,TokensAlign,the,446.0619
1428,446.0619,TokensAlign,little,446.3219
1429,446.3219,TokensAlign,prince,446.7319
1430,446.7319,TokensAlign,softly,447.3519
1431,447.3519,TokensAlign,who,447.7819
1432,447.7819,TokensAlign,had,447.9619
1433,447.9619,TokensAlign,again,448.3519
1434,448.3519,TokensAlign,sat,448.6619
1435,448.6619,TokensAlign,down,448.9319
1436,448.9319,TokensAlign,beside,449.3619
1437,449.3619,TokensAlign,me,449.5603
1439,450.6877,TokensAlign,what,450.9327
1440,450.9327,TokensAlign,promise,451.4376
1442,452.0511,TokensAlign,you,452.2361
1443,452.2361,TokensAlign,know,452.5711
1445,452.9751,TokensAlign,a,453.0201
1446,453.0201,TokensAlign,muzzle,453.4401
1447,453.4401,TokensAlign,for,453.6201
1448,453.6201,TokensAlign,my,453.7801
1449,453.7801,TokensAlign,sheep,454.2349
1451,455.0379,TokensAlign,i,455.1229
1452,455.1229,TokensAlign,m,455.1829
1453,455.1829,TokensAlign,responsible,455.9629
1454,455.9629,TokensAlign,for,456.1229
1455,456.1229,TokensAlign,this,456.3729
1456,456.3729,TokensAlign,flower,456.7574
1458,458.1293,TokensAlign,i,458.2643
1459,458.2643,TokensAlign,took,458.5343
1460,458.5343,TokensAlign,my,458.7343
1461,458.7343,TokensAlign,sketches,459.2843
1462,459.2843,TokensAlign,out,459.4843
1463,459.4843,TokensAlign,of,459.5643
1464,459.5643,TokensAlign,my,459.7143
1465,459.7143,TokensAlign,pocket,460.2234
1467,460.6873,TokensAlign,the,460.7823
1468,460.7823,TokensAlign,little,461.0423
1469,461.0423,TokensAlign,prince,461.4923
1470,461.4923,TokensAlign,saw,461.7523
1471,461.7523,TokensAlign,them,461.9523
1472,461.9523,TokensAlign,and,462.1523
1473,462.1523,TokensAlign,laughed,462.5423
1474,462.5423,TokensAlign,as,462.6323
1475,462.6323,TokensAlign,he,462.7423
1476,462.7423,TokensAlign,said,463.1118
1478,463.6954,TokensAlign,your,463.8904
1479,463.8904,TokensAlign,baobabs,464.79
1481,465.2139,TokensAlign,they,465.3389
1482,465.3389,TokensAlign,look,465.5489
1483,465.5489,TokensAlign,a,465.6089
1484,465.6089,TokensAlign,bit,465.9089
1485,465.9089,TokensAlign,like,466.0489
1486,466.0489,TokensAlign,cabbages,466.8232
1488,467.4766,TokensAlign,oh,467.8616
1490,468.545,TokensAlign,and,468.69
1491,468.69,TokensAlign,i,468.78
1492,468.78,TokensAlign,d,468.86
1493,468.86,TokensAlign,been,469
1494,469,TokensAlign,so,469.25
1495,469.25,TokensAlign,proud,469.67
1496,469.67,TokensAlign,of,469.77
1497,469.77,TokensAlign,my,469.94
1498,469.94,TokensAlign,baobabs,470.7193
1500,471.5424,TokensAlign,your,471.7574
1501,471.7574,TokensAlign,fox,472.467
1503,472.7064,TokensAlign,his,472.9114
1504,472.9114,TokensAlign,ears,473.7314
1505,473.7314,TokensAlign,they,473.8814
1506,473.8814,TokensAlign,look,474.1014
1507,474.1014,TokensAlign,a,474.1814
1508,474.1814,TokensAlign,bit,474.4014
1509,474.4014,TokensAlign,like,474.6314
1510,474.6314,TokensAlign,horns,475.2714
1511,475.2714,TokensAlign,and,475.4014
1512,475.4014,TokensAlign,they,475.4614
1513,475.4614,TokensAlign,re,475.5214
1514,475.5214,TokensAlign,too,475.7814
1515,475.7814,TokensAlign,long,476.2849
1517,476.9183,TokensAlign,and,477.0733
1518,477.0733,TokensAlign,then,477.2033
1519,477.2033,TokensAlign,he,477.4033
1520,477.4033,TokensAlign,laughed,477.7833
1521,477.7833,TokensAlign,again,478.203
1523,478.9313,TokensAlign,you,479.0563
1524,479.0563,TokensAlign,aren,479.2663
1525,479.2663,TokensAlign,t,479.2963
1526,479.2963,TokensAlign,being,479.5463
1527,479.5463,TokensAlign,fair,479.8863
1528,479.8863,TokensAlign,my,480.0663
1529,480.0663,TokensAlign,little,480.3263
1530,480.3263,TokensAlign,fellow,480.7657
1532,481.1698,TokensAlign,i,481.5348
1533,481.5348,TokensAlign,don,481.7748
1534,481.7748,TokensAlign,t,481.8148
1535,481.8148,TokensAlign,know,481.9148
1536,481.9148,TokensAlign,how,482.0848
1537,482.0848,TokensAlign,to,482.1848
1538,482.1848,TokensAlign,draw,482.4048
1539,482.4048,TokensAlign,anything,482.9048
1540,482.9048,TokensAlign,except,483.4348
1541,483.4348,TokensAlign,boa,483.6948
1542,483.6948,TokensAlign,constrictors,484.4848
1543,484.4848,TokensAlign,closed,485.0048
1544,485.0048,TokensAlign,and,485.1348
1545,485.1348,TokensAlign,open,485.5178
1547,486.4406,TokensAlign,oh,486.6556
1548,486.6556,TokensAlign,it,486.7956
1549,486.7956,TokensAlign,ll,486.8556
1550,486.8556,TokensAlign,be,487.0656
1551,487.0656,TokensAlign,ok,487.5903
1553,487.9046,TokensAlign,he,487.9696
1554,487.9696,TokensAlign,said,488.3396
1556,488.6488,TokensAlign,children,489.0238
1557,489.0238,TokensAlign,understand,489.7836
1559,490.8811,TokensAlign,so,491.0961
1560,491.0961,TokensAlign,i,491.2261
1561,491.2261,TokensAlign,made,491.5561
1562,491.5561,TokensAlign,a,491.6061
1563,491.6061,TokensAlign,pencil,492.1461
1564,492.1461,TokensAlign,sketch,492.5361
1565,492.5361,TokensAlign,of,492.6361
1566,492.6361,TokensAlign,a,492.6861
1567,492.6861,TokensAlign,muzzle,493.1305
1569,493.5894,TokensAlign,and,493.7644
1570,493.7644,TokensAlign,i,493.8744
1571,493.8744,TokensAlign,felt,494.1444
1572,494.1444,TokensAlign,a,494.1944
1573,494.1944,TokensAlign,pang,494.6144
1574,494.6144,TokensAlign,in,494.7344
1575,494.7344,TokensAlign,my,494.9744
1576,494.9744,TokensAlign,heart,495.3144
1577,495.3144,TokensAlign,as,495.4744
1578,495.4744,TokensAlign,i,495.5744
1579,495.5744,TokensAlign,gave,495.8444
1580,495.8444,TokensAlign,it,495.9344
1581,495.9344,TokensAlign,to,496.1044
1582,496.1044,TokensAlign,him,496.3437
1584,497.3613,TokensAlign,you,497.4663
1585,497.4663,TokensAlign,have,497.6563
1586,497.6563,TokensAlign,plans,498.1963
1587,498.1963,TokensAlign,that,498.3263
1588,498.3263,TokensAlign,i,498.4163
1589,498.4163,TokensAlign,don,498.5663
1590,498.5663,TokensAlign,t,498.6363
1591,498.6363,TokensAlign,know,498.8663
1592,498.8663,TokensAlign,about,499.2806
1594,500.1835,TokensAlign,but,500.2985
1595,500.2985,TokensAlign,he,500.4085
1596,500.4085,TokensAlign,didn,500.6985
1597,500.6985,TokensAlign,t,500.7885
1598,500.7885,TokensAlign,respond,501.3531
1600,501.9068,TokensAlign,he,501.9718
1601,501.9718,TokensAlign,said,502.2618
1602,502.2618,TokensAlign,to,502.3818
1603,502.3818,TokensAlign,me,502.6567
1605,503.5047,TokensAlign,you,503.6497
1606,503.6497,TokensAlign,know,503.9547
1608,504.7478,TokensAlign,my,504.8828
1609,504.8828,TokensAlign,descent,505.3528
1610,505.3528,TokensAlign,to,505.5428
1611,505.5428,TokensAlign,earth,506.0274
1613,506.4513,TokensAlign,tomorrow,506.9163
1614,506.9163,TokensAlign,will,507.0663
1615,507.0663,TokensAlign,be,507.1963
1616,507.1963,TokensAlign,its,507.3863
1617,507.3863,TokensAlign,anniversary,508.1561
1619,509.3582,TokensAlign,then,509.5432
1620,509.5432,TokensAlign,after,509.9532
1621,509.9532,TokensAlign,a,510.0032
1622,510.0032,TokensAlign,silence,510.6032
1623,510.6032,TokensAlign,he,510.7132
1624,510.7132,TokensAlign,went,511.0632
1625,511.0632,TokensAlign,on,511.3432
1627,512.2311,TokensAlign,i,512.2861
1628,512.2861,TokensAlign,came,512.6861
1629,512.6861,TokensAlign,down,513.0361
1630,513.0361,TokensAlign,very,513.3561
1631,513.3561,TokensAlign,near,513.6161
1632,513.6161,TokensAlign,here,513.966
1634,514.7841,TokensAlign,and,514.9091
1635,514.9091,TokensAlign,he,515.0091
1636,515.0091,TokensAlign,blushed,515.5637
1638,516.6463,TokensAlign,and,516.8013
1639,516.8013,TokensAlign,once,517.1113
1640,517.1113,TokensAlign,again,517.4513
1641,517.4513,TokensAlign,without,517.8613
1642,517.8613,TokensAlign,understanding,518.5613
1643,518.5613,TokensAlign,why,519.0761
1645,519.4901,TokensAlign,i,519.6051
1646,519.6051,TokensAlign,felt,519.9551
1647,519.9551,TokensAlign,a,520.0251
1648,520.0251,TokensAlign,peculiar,520.6951
1649,520.6951,TokensAlign,sense,521.1551
1650,521.1551,TokensAlign,of,521.2351
1651,521.2351,TokensAlign,sorrow,521.7947
1653,522.5729,TokensAlign,one,523.1179
1654,523.1179,TokensAlign,question,523.6379
1655,523.6379,TokensAlign,occurred,523.9479
1656,523.9479,TokensAlign,to,524.1379
1657,524.1379,TokensAlign,me,524.2879
1658,524.2879,TokensAlign,however,524.7671
1660,525.5802,TokensAlign,so,525.9352
1661,525.9352,TokensAlign,it,526.0952
1662,526.0952,TokensAlign,wasn,526.4752
1663,526.4752,TokensAlign,t,526.5252
1664,526.5252,TokensAlign,by,526.7352
1665,526.7352,TokensAlign,chance,527.3552
1666,527.3552,TokensAlign,that,527.5052
1667,527.5052,TokensAlign,the,527.6452
1668,527.6452,TokensAlign,morning,527.9752
1669,527.9752,TokensAlign,i,528.1352
1670,528.1352,TokensAlign,first,528.6152
1671,528.6152,TokensAlign,met,528.9452
1672,528.9452,TokensAlign,you,529.1252
1673,529.1252,TokensAlign,a,529.2252
1674,529.2252,TokensAlign,week,529.5252
1675,529.5252,TokensAlign,ago,529.869
1677,530.2979,TokensAlign,you,530.4029
1678,530.4029,TokensAlign,were,530.5529
1679,530.5529,TokensAlign,out,530.8929
1680,530.8929,TokensAlign,walking,531.2329
1681,531.2329,TokensAlign,like,531.5429
1682,531.5429,TokensAlign,that,531.9029
1683,531.9029,TokensAlign,all,532.0729
1684,532.0729,TokensAlign,alone,532.6272
1686,533.0312,TokensAlign,a,533.0862
1687,533.0862,TokensAlign,thousand,533.6862
1688,533.6862,TokensAlign,miles,534.1562
1689,534.1562,TokensAlign,from,534.3362
1690,534.3362,TokensAlign,any,534.5562
1691,534.5562,TokensAlign,inhabited,535.1062
1692,535.1062,TokensAlign,region,535.5558
1694,536.2841,TokensAlign,you,536.3991
1695,536.3991,TokensAlign,were,536.5291
1696,536.5291,TokensAlign,going,536.8791
1697,536.8791,TokensAlign,back,537.0991
1698,537.0991,TokensAlign,to,537.2291
1699,537.2291,TokensAlign,the,537.3191
1700,537.3191,TokensAlign,place,537.6891
1701,537.6891,TokensAlign,where,537.7891
1702,537.7891,TokensAlign,you,537.9491
1703,537.9491,TokensAlign,landed,538.4485
1705,539.5459,TokensAlign,the,539.6509
1706,539.6509,TokensAlign,little,539.9109
1707,539.9109,TokensAlign,prince,540.4909
1708,540.4909,TokensAlign,blushed,540.8609
1709,540.8609,TokensAlign,again,541.2003
1711,541.749,TokensAlign,and,541.914
1712,541.914,TokensAlign,i,542.024
1713,542.024,TokensAlign,added,542.404
1714,542.404,TokensAlign,hesitantly,543.2138
1716,544.0319,TokensAlign,perhaps,544.6369
1717,544.6369,TokensAlign,because,544.9669
1718,544.9669,TokensAlign,of,545.0669
1719,545.0669,TokensAlign,the,545.1769
1720,545.1769,TokensAlign,anniversary,545.9214
1722,547.2184,TokensAlign,the,547.2934
1723,547.2934,TokensAlign,little,547.5434
1724,547.5434,TokensAlign,prince,548.0634
1725,548.0634,TokensAlign,blushed,548.4634
1726,548.4634,TokensAlign,once,548.8634
1727,548.8634,TokensAlign,more,549.1879
1729,549.7516,TokensAlign,he,549.8366
1730,549.8366,TokensAlign,never,550.1866
1731,550.1866,TokensAlign,answered,550.5666
1732,550.5666,TokensAlign,questions,551.2512
1734,551.7949,TokensAlign,but,551.9699
1735,551.9699,TokensAlign,when,552.1699
1736,552.1699,TokensAlign,you,552.3199
1737,552.3199,TokensAlign,blush,553.0199
1738,553.0199,TokensAlign,that,553.2699
1739,553.2699,TokensAlign,means,553.5699
1740,553.5699,TokensAlign,yes,553.9599
1741,553.9599,TokensAlign,doesn,554.2299
1742,554.2299,TokensAlign,t,554.2699
1743,554.2699,TokensAlign,it,554.5088
1745,555.5663,TokensAlign,oh,556.0313
1746,556.0313,TokensAlign,i,556.1413
1747,556.1413,TokensAlign,said,556.5413
1748,556.5413,TokensAlign,to,556.6613
1749,556.6613,TokensAlign,him,556.9208
1751,557.3846,TokensAlign,i,557.4596
1752,557.4596,TokensAlign,m,557.5296
1753,557.5296,TokensAlign,worried,558.0796
1755,558.5235,TokensAlign,but,558.6185
1756,558.6185,TokensAlign,he,558.7385
1757,558.7385,TokensAlign,responded,559.3684
1759,560.0567,TokensAlign,now,560.2917
1760,560.2917,TokensAlign,you,560.4817
1761,560.4817,TokensAlign,must,560.7917
1762,560.7917,TokensAlign,work,561.2113
1764,561.8299,TokensAlign,you,561.9649
1765,561.9649,TokensAlign,must,562.3149
1766,562.3149,TokensAlign,go,562.3849
1767,562.3849,TokensAlign,back,562.6049
1768,562.6049,TokensAlign,to,562.7549
1769,562.7549,TokensAlign,your,562.8949
1770,562.8949,TokensAlign,engine,563.3645
1772,563.8084,TokensAlign,i,563.9134
1773,563.9134,TokensAlign,will,564.1034
1774,564.1034,TokensAlign,wait,564.3234
1775,564.3234,TokensAlign,for,564.5034
1776,564.5034,TokensAlign,you,564.6334
1777,564.6334,TokensAlign,here,564.9782
1779,565.3822,TokensAlign,come,565.5772
1780,565.5772,TokensAlign,back,565.7572
1781,565.7572,TokensAlign,tomorrow,566.2972
1782,566.2972,TokensAlign,evening,566.7219
1784,567.7096,TokensAlign,but,567.8246
1785,567.8246,TokensAlign,i,567.9346
1786,567.9346,TokensAlign,wasn,568.2546
1787,568.2546,TokensAlign,t,568.3246
1788,568.3246,TokensAlign,reassured,568.9944
1790,569.6527,TokensAlign,i,569.7277
1791,569.7277,TokensAlign,remembered,570.3077
1792,570.3077,TokensAlign,the,570.3977
1793,570.3977,TokensAlign,fox,570.9771
1795,571.6504,TokensAlign,you,571.8054
1796,571.8054,TokensAlign,run,572.1654
1797,572.1654,TokensAlign,the,572.3454
1798,572.3454,TokensAlign,risk,572.6954
1799,572.6954,TokensAlign,of,572.8254
1800,572.8254,TokensAlign,weeping,573.1854
1801,573.1854,TokensAlign,a,573.2954
1802,573.2954,TokensAlign,little,573.7054
1803,573.7054,TokensAlign,if,573.9054
1804,573.9054,TokensAlign,you,574.0254
1805,574.0254,TokensAlign,allow,574.3554
1806,574.3554,TokensAlign,yourself,574.9154
1807,574.9154,TokensAlign,to,575.0554
1808,575.0554,TokensAlign,be,575.1754
1809,575.1754,TokensAlign,tamed,575.7241
